ORDER_DATE,ORDER_QTY,ORDER_TOTAL
01-JAN-20,11,528.25
02-JAN-20,25,1079.15
03-JAN-20,10,340.26
04-JAN-20,7,289.64
05-JAN-20,16,723.88
06-JAN-20,17,643.59
07-JAN-20,18,805.46
08-JAN-20,16,526.74
09-JAN-20,16,482.18
10-JAN-20,14,422.32
11-JAN-20,5,215.13
12-JAN-20,10,248.93
13-JAN-20,15,466.25
14-JAN-20,15,490.07
15-JAN-20,19,645.17
16-JAN-20,11,377.09
17-JAN-20,14,554.7
18-JAN-20,14,466.07
19-JAN-20,15,572.6
20-JAN-20,21,686.9
21-JAN-20,11,386.48
22-JAN-20,15,471.95
23-JAN-20,9,317.86
24-JAN-20,6,128.11
25-JAN-20,8,237.92
26-JAN-20,12,582.04
27-JAN-20,16,397.71
28-JAN-20,18,520.67
29-JAN-20,11,507.34
30-JAN-20,22,854
31-JAN-20,19,719.2
01-FEB-20,10,411.22
02-FEB-20,4,137.88
03-FEB-20,21,819.7
04-FEB-20,8,349.17
05-FEB-20,12,380.32
06-FEB-20,7,181.64
07-FEB-20,15,473.95
08-FEB-20,8,419.8
09-FEB-20,15,612.34
10-FEB-20,12,506.54
11-FEB-20,6,251.04
12-FEB-20,13,551.22
13-FEB-20,15,577.67
14-FEB-20,10,357.6
15-FEB-20,8,299.26
16-FEB-20,8,229.38
17-FEB-20,13,706.11
18-FEB-20,14,508.49
19-FEB-20,10,329.89
20-FEB-20,13,405.61
21-FEB-20,16,610.13
22-FEB-20,2,71.06
23-FEB-20,9,518.69
24-FEB-20,10,470.26
25-FEB-20,14,580.83
26-FEB-20,11,437.77
27-FEB-20,15,501.5
28-FEB-20,15,484.32
29-FEB-20,4,161.2
01-MAR-20,13,427.65
02-MAR-20,9,264.85
03-MAR-20,13,395.6
04-MAR-20,15,597.28
05-MAR-20,10,343.32
06-MAR-20,5,144.04
07-MAR-20,1,32.21
08-MAR-20,8,346.17
09-MAR-20,15,473.77
10-MAR-20,7,174.96
11-MAR-20,12,451.67
12-MAR-20,4,160.51
13-MAR-20,7,149.82
14-MAR-20,3,71.01
15-MAR-20,2,39.81
16-MAR-20,2,67.98
17-MAR-20,1,23.62
18-MAR-20,5,127.69
19-MAR-20,5,135.29
20-MAR-20,5,158.01
21-MAR-20,2,46.63
22-MAR-20,3,122.34
23-MAR-20,8,269.95
24-MAR-20,2,41.47
25-MAR-20,4,143.29
26-MAR-20,5,278.6
27-MAR-20,3,87.87
28-MAR-20,8,199.35
29-MAR-20,4,145.76
30-MAR-20,3,56.29
31-MAR-20,7,311.93
1-Apr-20,0,0
02-APR-20,3,81.92
03-APR-20,18,632.04
04-APR-20,13,403.52
05-APR-20,8,320.04
06-APR-20,8,344.21
07-APR-20,8,274.05
08-APR-20,5,153.75
09-APR-20,4,121.68
10-APR-20,5,105.92
11-APR-20,2,34.21
12-APR-20,2,52.09
13-APR-20,7,218.72
14-APR-20,8,300
15-APR-20,10,418.41
16-APR-20,8,391.05
17-APR-20,12,369.59
18-APR-20,6,192.13
19-APR-20,8,280.38
20-APR-20,7,279.31
21-APR-20,4,207.27
22-APR-20,9,421.64
23-APR-20,11,627.92
24-APR-20,4,210.76
25-APR-20,7,216.18
26-APR-20,8,300.9
27-APR-20,16,707.58
28-APR-20,5,208.05
29-APR-20,11,542.13
30-APR-20,6,297.99
01-MAY-20,5,131.76
02-MAY-20,3,62.76
03-MAY-20,3,127.19
04-MAY-20,9,323.09
05-MAY-20,101,3402.71
06-MAY-20,27,937.08
07-MAY-20,13,588.97
08-MAY-20,12,407.44
09-MAY-20,1,18.25
10-MAY-20,8,232.67
11-MAY-20,18,542.1
12-MAY-20,13,377.16
13-MAY-20,10,369.78
14-MAY-20,8,328.87
15-MAY-20,5,149.16
16-MAY-20,3,108.04
17-MAY-20,8,318.2
18-MAY-20,19,740.6
19-MAY-20,8,264.46
20-MAY-20,9,330.09
21-MAY-20,7,217.44
22-MAY-20,9,314.59
23-MAY-20,7,200.81
24-MAY-20,3,80.94
25-MAY-20,2,41.79
26-MAY-20,12,297.71
27-MAY-20,9,427.58
28-MAY-20,6,223.73
29-MAY-20,7,277.78
30-MAY-20,3,176.87
31-MAY-20,7,197.56
01-JUN-20,11,422.74
02-JUN-20,4,136.81
03-JUN-20,4,161.44
04-JUN-20,6,155.13
05-JUN-20,5,193.21
06-JUN-20,5,121.31
07-JUN-20,6,197.98
08-JUN-20,4,170.73
09-JUN-20,3,97.54
10-JUN-20,9,219.82
11-JUN-20,1,11.27
12-JUN-20,5,117.37
13-JUN-20,3,141.08
14-JUN-20,2,43.94
15-JUN-20,3,154.39
16-JUN-20,2,61.6
17-JUN-20,2,59.05
18-JUN-20,2,49.39
19-JUN-20,2,47.71
20-JUN-20,2,49.06
21-JUN-20,1,17.44
22-JUN-20,3,90.4
23-JUN-20,2,40.91
24-JUN-20,2,153.01
25-Jun-20,0,0
26-Jun-20,0,0
27-JUN-20,1,41.24
28-JUN-20,1,16.96
29-JUN-20,4,90.46
30-JUN-20,2,67.48
01-JUL-20,4,104.32
02-JUL-20,1,51.54
03-JUL-20,3,99.77
04-JUL-20,1,23.66
5-Jul-20,0,0
06-JUL-20,2,176.31
07-JUL-20,4,119.56
08-JUL-20,4,110.19
09-JUL-20,2,81.8
10-JUL-20,5,228.03
11-JUL-20,1,82.68
12-Jul-20,0,0
13-JUL-20,1,47.25
14-Jul-20,0,0
15-JUL-20,1,24.7
16-JUL-20,1,28.36
17-Jul-20,0,0
18-Jul-20,0,0
19-Jul-20,0,0
20-JUL-20,6,233.35
21-JUL-20,2,33.67
22-JUL-20,2,143.65
23-JUL-20,2,100.11
24-Jul-20,0,0
25-Jul-20,0,0
26-JUL-20,1,44.41
27-Jul-20,0,0
28-Jul-20,0,0
29-JUL-20,3,97.32
30-JUL-20,1,1.5
31-JUL-20,2,74.03
01-AUG-20,1,35.31
2-Aug-20,0,0
03-AUG-20,4,100.19
04-AUG-20,2,71.34
05-AUG-20,2,85.71
06-AUG-20,4,162.16
07-AUG-20,3,96.48
8-Aug-20,0,0
09-AUG-20,1,28.45
10-AUG-20,4,167.21
11-AUG-20,20,705.77
12-AUG-20,16,460.5
13-AUG-20,13,700.75
14-AUG-20,12,433.95
15-AUG-20,14,430.96
16-AUG-20,11,340.14
17-AUG-20,12,437.22
18-AUG-20,31,1086.5
19-AUG-20,42,1267.76
20-AUG-20,86,2817.06
21-AUG-20,110,3487.57
22-AUG-20,113,3851.79
23-AUG-20,112,3788.28
24-AUG-20,130,4050.16
25-AUG-20,187,6382.04
26-AUG-20,195,6752.04
27-AUG-20,115,3807.28
28-AUG-20,115,3726.3
29-AUG-20,62,2053.45
30-AUG-20,58,1972.33
31-AUG-20,100,3552.99
01-SEP-20,222,7127.01
02-SEP-20,368,13207.5
03-SEP-20,268,10069.32
04-SEP-20,224,8045.47
05-SEP-20,112,3991.14
06-SEP-20,101,3919.75
07-SEP-20,151,5353.94
08-SEP-20,234,8177.83
09-SEP-20,439,15540.29
10-SEP-20,377,13313.93
11-SEP-20,677,24732.02
12-SEP-20,356,13023.61
13-SEP-20,340,12458.18
14-SEP-20,559,21445.58
15-SEP-20,499,19199.33
16-SEP-20,587,21192.81
17-SEP-20,783,29591.9
18-SEP-20,713,26069.63
19-SEP-20,399,15484.93
20-SEP-20,473,18462.7
21-SEP-20,706,26886.63
22-SEP-20,647,24889.75
23-SEP-20,471,18273.03
24-SEP-20,675,25245.11
25-SEP-20,544,19589.33
26-SEP-20,450,17050.65
27-SEP-20,576,22436.66
28-SEP-20,938,36077.08
29-SEP-20,1065,38647.49
30-SEP-20,1001,37262.68
01-OCT-20,1028,38416.21
02-OCT-20,897,34004.07
03-OCT-20,533,20376.69
04-OCT-20,649,24539.93
05-OCT-20,921,34360.3
06-OCT-20,1985,75135.89
07-OCT-20,1423,52948.11
08-OCT-20,1228,44435.04
09-OCT-20,1275,48635.79
10-OCT-20,632,23555.9
11-OCT-20,793,29214.03
12-OCT-20,1200,44652.53
13-OCT-20,795,29472.69
14-OCT-20,1020,39470.04
15-OCT-20,1171,42782.03
16-OCT-20,1087,40281.06
17-OCT-20,240,9660.36
18-OCT-20,658,24388.13
19-OCT-20,2637,98541.97
20-OCT-20,2073,77134.51
21-OCT-20,1371,52157.21
22-OCT-20,1197,46143.11
23-OCT-20,1036,38416.43
24-OCT-20,695,26049.17
25-OCT-20,779,29884.67
26-OCT-20,1028,37777.3
27-OCT-20,1210,44909.4
28-OCT-20,1283,47345.59
29-OCT-20,1187,42789.4
30-OCT-20,809,30309.56
31-OCT-20,548,20536.94
01-NOV-20,800,31373.58
02-NOV-20,873,33067.7
03-NOV-20,1154,42038.62
04-NOV-20,1196,44305.13
05-NOV-20,960,36384.48
06-NOV-20,741,26693.87
07-NOV-20,421,15711.75
08-NOV-20,605,23055.79
09-NOV-20,787,29270.53
10-NOV-20,1174,44517.51
11-NOV-20,1287,47608.71
12-NOV-20,1093,40382.03
13-NOV-20,955,35012.64
14-NOV-20,692,25619.46
15-NOV-20,724,27418.75
16-NOV-20,876,31361.34
17-NOV-20,921,33907.8
18-NOV-20,1061,38308.1
19-NOV-20,729,26302.88
20-NOV-20,720,26221.58
21-NOV-20,489,19090.29
22-NOV-20,492,19046.51
23-NOV-20,596,22001.33
24-NOV-20,690,25119.08
25-NOV-20,512,18960.46
26-NOV-20,259,9918.67
27-NOV-20,346,13436.95
28-NOV-20,311,12178.81
29-NOV-20,403,15331.18
30-NOV-20,602,22707.24
01-DEC-20,615,23111.86
02-DEC-20,614,21735.15
03-DEC-20,510,18682.17
04-DEC-20,464,17191.78
05-DEC-20,244,9388.98
06-DEC-20,344,13018.06
07-DEC-20,442,16264.42
08-DEC-20,397,14793.04
09-DEC-20,366,14284.32
10-DEC-20,619,21796.96
11-DEC-20,367,13470.51
12-DEC-20,218,7815.06
13-DEC-20,289,11079.21
14-DEC-20,372,13032.81
15-DEC-20,535,18225.26
16-DEC-20,352,12497.4
17-DEC-20,348,11914.97
18-DEC-20,341,12784.3
19-DEC-20,139,5258.27
20-DEC-20,187,6851.03
21-DEC-20,178,6254.95
22-DEC-20,131,4756.79
23-DEC-20,130,4591.83
24-DEC-20,90,3382.87
25-DEC-20,51,2044.3
26-DEC-20,103,3934.89
27-DEC-20,125,5117.64
28-DEC-20,105,3483.13
29-DEC-20,145,5501.78
30-DEC-20,133,5282.08
31-DEC-20,131,4758.9
01-JAN-21,130,4938.34
02-JAN-21,175,6236.79
03-JAN-21,194,7437.23
04-JAN-21,265,9976.17
05-JAN-21,267,9448.83
06-JAN-21,190,7524.03
07-JAN-21,164,6216.73
08-JAN-21,210,8044.44
09-JAN-21,171,6655.7
10-JAN-21,162,5911.75
11-JAN-21,215,7817.91
12-JAN-21,175,6746.95
13-JAN-21,350,12871.48
14-JAN-21,196,7582.32
15-JAN-21,142,5207.63
16-JAN-21,173,5966.3
17-JAN-21,156,6060.53
18-JAN-21,186,6702.9
19-JAN-21,196,7342.41
20-JAN-21,194,6445.8
21-JAN-21,171,6267.77
22-JAN-21,190,6666.2
23-JAN-21,116,4041.12
24-JAN-21,136,4960.21
25-JAN-21,163,6281.01
26-JAN-21,188,6970.9
27-JAN-21,132,4655.28
28-JAN-21,189,7328
29-JAN-21,176,6673.19
30-JAN-21,84,2893
31-JAN-21,135,5054.73
01-FEB-21,144,5229.32
02-FEB-21,127,4714.91
03-FEB-21,176,6505.1
04-FEB-21,252,9150.56
05-FEB-21,184,6656.22
06-FEB-21,93,3836.62
07-FEB-21,125,4802.4
08-FEB-21,192,6633.46
09-FEB-21,204,7229.48
10-FEB-21,172,6808.1
11-FEB-21,163,5950.82
12-FEB-21,248,9024.45
13-FEB-21,100,3662.76
14-FEB-21,90,3391.41
15-FEB-21,174,6363.63
16-FEB-21,188,7214.45
17-FEB-21,177,6996.01
18-FEB-21,207,7596.54
19-FEB-21,144,5217.65
20-FEB-21,102,3825.37
21-FEB-21,114,4161.58
22-FEB-21,173,5869.35
23-FEB-21,142,5486.23
24-FEB-21,136,5229.97
25-FEB-21,121,4753.68
26-FEB-21,142,5678.14
27-FEB-21,85,3006.96
28-FEB-21,86,3269.48
01-MAR-21,101,3723.38
02-MAR-21,99,3510.55
03-MAR-21,106,4252.46
04-MAR-21,112,3807.19
05-MAR-21,72,2944.28
06-MAR-21,63,2278.95
07-MAR-21,75,2700.74
08-MAR-21,84,3264.91
09-MAR-21,81,3121.89
10-MAR-21,84,3055.51
11-MAR-21,69,2693.2
12-MAR-21,89,3485.63
13-MAR-21,53,1967.2
14-MAR-21,108,4388.96
15-MAR-21,131,4546.66
16-MAR-21,119,4620.81
17-MAR-21,111,4497.93
18-MAR-21,127,5003.36
19-MAR-21,103,3882.19
20-MAR-21,70,2858.37
21-MAR-21,70,2379.08
22-MAR-21,90,3626.94
23-MAR-21,89,3271.8
24-MAR-21,86,3192.11
25-MAR-21,75,2777.38
26-MAR-21,61,2256.72
27-MAR-21,55,2001.06
28-MAR-21,41,1826.6
29-MAR-21,81,3009.09
30-MAR-21,103,4635.39
31-MAR-21,123,5152.21
01-APR-21,88,3441.52
02-APR-21,86,3723.02
03-APR-21,79,3275.73
04-APR-21,55,1960.46
05-APR-21,77,2810.45
06-APR-21,63,2646.76
07-APR-21,75,2961.64
08-APR-21,81,3277.69
09-APR-21,66,2876.27
10-APR-21,37,1479.4
11-APR-21,65,2327.34
12-APR-21,77,3340.44
13-APR-21,119,4497.85
14-APR-21,83,3257.81
15-APR-21,75,2994.72
16-APR-21,50,2095.33
17-APR-21,26,1135.27
18-APR-21,52,1961.68
19-APR-21,65,2379.99
20-APR-21,56,1959.45
21-APR-21,59,2296.33
22-APR-21,61,2211.76
23-APR-21,54,2282.32
24-APR-21,34,1198.89
25-APR-21,45,1863.3
26-APR-21,61,2286.44
27-APR-21,60,2239.33
28-APR-21,48,1805.73
29-APR-21,47,1756.83
30-APR-21,46,1800.09
01-MAY-21,17,574.88
02-MAY-21,25,982.1
03-MAY-21,47,1773.31
04-MAY-21,51,1748.57
05-MAY-21,36,1399.3
06-MAY-21,37,1382.15
07-MAY-21,35,1499.53
08-MAY-21,19,668.64
09-MAY-21,19,689.47
10-MAY-21,232,8457.79
11-MAY-21,51,1955.16
12-MAY-21,43,1679.18
13-MAY-21,53,1992.3
14-MAY-21,49,1572.58
15-MAY-21,16,608.25
16-MAY-21,17,569.53
17-MAY-21,43,1687.49
18-MAY-21,39,1388.95
19-MAY-21,42,1580.1
20-MAY-21,48,1891.22
21-MAY-21,39,1588.34
22-MAY-21,12,402.6
23-MAY-21,21,739.36
24-MAY-21,42,1614.6
25-MAY-21,817,27051.54
26-MAY-21,657,21989.7
27-MAY-21,282,9535.92
28-MAY-21,155,5562.01
29-MAY-21,61,2278.41
30-MAY-21,50,1771.48
31-MAY-21,84,2988
01-JUN-21,119,4551.55
02-JUN-21,98,3367.86
03-JUN-21,69,2576.9
04-JUN-21,45,1881.03
05-JUN-21,31,1215.29
06-JUN-21,41,1485.28
07-JUN-21,42,1575.84
08-JUN-21,576,18783.07
09-JUN-21,148,4955.89
10-JUN-21,75,2652.31
11-JUN-21,53,1881.68
12-JUN-21,29,1071.91
13-JUN-21,35,1142.17
14-JUN-21,45,1532.04
15-JUN-21,46,1753.04
16-JUN-21,307,9725.88
17-JUN-21,87,3098.61
18-JUN-21,50,1457.75
19-JUN-21,29,1003.35
20-JUN-21,37,1448.9
21-JUN-21,49,1848.45
22-JUN-21,44,1555.16
23-JUN-21,40,1541.5
24-JUN-21,481,15244.51
25-JUN-21,128,4615.9
26-JUN-21,66,2177.27
27-JUN-21,70,2529.92
28-JUN-21,125,4963.23
29-JUN-21,683,24000.7
30-JUN-21,680,30597.25
01-JUL-21,81,2328.05
02-JUL-21,37,702.27
03-JUL-21,9,160.1
04-JUL-21,5,129.37
05-JUL-21,18,349.2
06-JUL-21,21,468.02
07-JUL-21,22,452.59
08-JUL-21,16,327.59
09-JUL-21,7,210.93
10-JUL-21,10,152.07
11-JUL-21,7,185.58
12-JUL-21,14,222.11
13-JUL-21,3,64.3
14-JUL-21,16,261.95
15-JUL-21,8,166.51
16-JUL-21,11,205.34
17-JUL-21,4,100.49
18-JUL-21,7,108.98
19-JUL-21,4,42.57
20-JUL-21,6,108.95
21-JUL-21,7,200.13
22-Jul-21,0,0
23-JUL-21,2,37.63
24-JUL-21,1,5.45
25-JUL-21,4,152.99
26-JUL-21,4,76.46
27-JUL-21,4,76.13
28-JUL-21,8,187.95
29-JUL-21,36,1304.93
30-JUL-21,11,416.66
31-JUL-21,14,383.6
01-AUG-21,7,219.33
02-AUG-21,19,545.03
03-AUG-21,15,387.78
04-AUG-21,12,255.79
05-AUG-21,55,2478.7
06-AUG-21,66,2416.15
07-AUG-21,24,781.5
08-AUG-21,32,1187.12
09-AUG-21,22,908.09
10-AUG-21,136,4924.82
11-AUG-21,56,2309.21
12-AUG-21,118,5402.52
13-AUG-21,117,4623.62
14-AUG-21,207,8439.44
15-AUG-21,136,5745.96
16-AUG-21,157,7030.92
17-AUG-21,362,15310.16
18-AUG-21,179,7476.63
19-AUG-21,243,10051.13
20-AUG-21,369,16406.83
21-AUG-21,216,9114.28
22-AUG-21,231,10397.37
23-AUG-21,276,11837.79
24-AUG-21,634,27485.1
25-AUG-21,539,22312.73
26-AUG-21,498,21543.39
27-AUG-21,684,30619.67
28-AUG-21,309,13022.09
29-AUG-21,543,23461.41
30-AUG-21,650,28057.46
31-AUG-21,1127,49523.15
01-SEP-21,1332,58832.48
02-SEP-21,1042,47106.33
03-SEP-21,1739,77351.31
04-SEP-21,866,40698.58
05-SEP-21,701,31023.74
06-SEP-21,946,43243.63
07-SEP-21,1175,52446.84
08-SEP-21,2467,110255.35
09-SEP-21,3226,142747.32
10-SEP-21,1726,76632.51
11-SEP-21,537,22221.04
12-SEP-21,558,24641.7
13-SEP-21,3053,145207.45
14-SEP-21,2778,126237.08
15-SEP-21,3474,164042.61
16-SEP-21,3483,162004.96
17-SEP-21,4109,184020.47
18-SEP-21,2413,111084.83
19-SEP-21,2157,102039.12
20-SEP-21,2642,120087.07
21-SEP-21,2749,126194.25
22-SEP-21,3521,158189.12
23-SEP-21,3814,177037.82
24-SEP-21,4143,193222.2
25-SEP-21,2795,127264.47
26-SEP-21,2901,136754.62
27-SEP-21,3999,186310.01
28-SEP-21,4123,186268.41
29-SEP-21,3682,167708.2
30-SEP-21,3240,149474.82
01-OCT-21,3170,146756.54
02-OCT-21,2819,126621.67
03-OCT-21,2822,133664.64
04-OCT-21,3392,159171.53
05-OCT-21,4518,203844.88
06-OCT-21,4247,195023.81
07-OCT-21,4075,184545.69
08-OCT-21,4055,187846.91
09-OCT-21,1916,90500.89
10-OCT-21,2021,97108.49
11-OCT-21,2686,125937.31
12-OCT-21,2273,105775.09
13-OCT-21,3181,149082.87
14-OCT-21,4892,221434.02
15-OCT-21,3641,169213.97
16-OCT-21,2595,117240.64
17-OCT-21,2070,96415.08
18-OCT-21,3630,167767.31
19-OCT-21,3258,147817.1
20-OCT-21,3314,150862.13
21-OCT-21,2982,134282.18
22-OCT-21,2581,117636.56
23-OCT-21,1748,81047.26
24-OCT-21,1905,90122.09
25-OCT-21,2549,119163.31
26-OCT-21,3164,147153.31
27-OCT-21,3368,154309.21
28-OCT-21,3204,143154.27
29-OCT-21,2546,118888.56
30-OCT-21,1569,70574.83
31-OCT-21,1209,56443.9
01-NOV-21,2112,98593.86
02-NOV-21,2506,112720.37
03-NOV-21,2588,119012.05
04-NOV-21,2708,120997.98
05-NOV-21,1902,86541.69
06-NOV-21,1605,74340.77
07-NOV-21,1497,69217.18
08-NOV-21,1894,88065.71
09-NOV-21,2835,125779.01
10-NOV-21,2556,115053.72
11-NOV-21,1947,87674.06
12-NOV-21,1864,84980.32
13-NOV-21,1428,64545.74
14-NOV-21,1298,60744.53
15-NOV-21,2059,93969.88
16-NOV-21,2537,112809.46
17-NOV-21,2165,95056.8
18-NOV-21,1443,66851.45
19-NOV-21,1555,70812.62
20-NOV-21,872,37883.59
21-NOV-21,844,40289.97
22-NOV-21,950,42034.8
23-NOV-21,1577,67702.44
24-NOV-21,1022,45198.59
25-NOV-21,604,28922.53
26-NOV-21,907,41970.12
27-NOV-21,644,29051.51
28-NOV-21,733,34584.77
29-NOV-21,1355,59945.62
30-NOV-21,1504,66210.7
01-DEC-21,1307,58039.02
02-DEC-21,923,41040.47
03-DEC-21,950,43295.6
04-DEC-21,423,20220.3
05-DEC-21,425,19963.05
06-DEC-21,935,41138.26
07-DEC-21,751,33283.76
08-DEC-21,730,32957.62
09-DEC-21,880,40208.68
10-DEC-21,631,29146.39
11-DEC-21,336,16133.05
12-DEC-21,373,18258.46
13-DEC-21,493,22251.89
14-DEC-21,547,24767.23
15-DEC-21,530,24009.5
16-DEC-21,480,22164.09
17-DEC-21,474,21094.58
18-DEC-21,211,9653.44
19-DEC-21,239,10755.14
20-DEC-21,379,17497.26
21-DEC-21,282,13367.7
22-DEC-21,245,11163.99
23-DEC-21,233,10415.66
24-DEC-21,121,5066.69
25-DEC-21,96,4137.48
26-DEC-21,125,5591.05
27-DEC-21,283,13055.81
28-DEC-21,228,10435.22
29-DEC-21,289,12972.17
30-DEC-21,216,10073.53
31-DEC-21,219,10057.28
01-JAN-22,163,7633.83
02-JAN-22,213,10113.08
03-JAN-22,417,17951.49
04-JAN-22,329,14593.24
05-JAN-22,284,12355.9
06-JAN-22,365,16264.14
07-JAN-22,244,10912
08-JAN-22,132,6285.61
09-JAN-22,155,7399.32
10-JAN-22,347,15373.94
11-JAN-22,275,12517.03
12-JAN-22,277,12454.25
13-JAN-22,251,10895.93
14-JAN-22,217,9711.08
15-JAN-22,121,5590.57
16-JAN-22,154,7585.45
17-JAN-22,221,10408.89
18-JAN-22,226,10756.99
19-JAN-22,205,9515.99
20-JAN-22,211,9536.66
21-JAN-22,200,8930
22-JAN-22,109,4846.12
23-JAN-22,132,6387.41
24-JAN-22,219,10194.32
25-JAN-22,261,11459.29
26-JAN-22,266,12296.93
27-JAN-22,247,11810.9
28-JAN-22,318,14200.76
29-JAN-22,108,5550.19
30-JAN-22,115,5155.57
31-JAN-22,236,10924.46
01-FEB-22,212,10089
02-FEB-22,167,7720.26
03-FEB-22,277,12598.35
04-FEB-22,200,9384
05-FEB-22,85,4246.77
06-FEB-22,100,5350.71
07-FEB-22,241,11139.72
08-FEB-22,166,7897.2
09-FEB-22,181,8575.79
10-FEB-22,178,7873.16
11-FEB-22,108,4972.97
12-FEB-22,58,3108.33
13-FEB-22,71,3162.54
14-FEB-22,125,6290.93
15-FEB-22,183,8842.96
16-FEB-22,163,7343.52
17-FEB-22,215,10372.06
18-FEB-22,161,8299.16
19-FEB-22,89,4567
20-FEB-22,92,4827.09
21-FEB-22,120,6063.87
22-FEB-22,188,9287.6
23-FEB-22,191,9593.25
24-FEB-22,227,11845.95
25-FEB-22,239,12616.37
26-FEB-22,84,4446.18
27-FEB-22,120,6039.95
28-FEB-22,274,13848.56
01-MAR-22,218,10362.31
02-MAR-22,175,9178.32
03-MAR-22,232,10774.83
04-MAR-22,118,5661.57
05-MAR-22,80,4195.26
06-MAR-22,92,4437.55
07-MAR-22,211,10231.93
08-MAR-22,160,7291.23
09-MAR-22,169,8458.18
10-MAR-22,126,6144.31
11-MAR-22,144,6917.3
12-MAR-22,69,3191.98
13-MAR-22,76,3647.34
14-MAR-22,218,9975.13
15-MAR-22,169,8435.49
16-MAR-22,141,7251.97
17-MAR-22,97,4887.42
18-MAR-22,121,5583.55
19-MAR-22,74,3634.93
20-MAR-22,71,3562.33
21-MAR-22,154,6887.03
22-MAR-22,165,7579.61
23-MAR-22,130,6594.94
24-MAR-22,154,7392.1
25-MAR-22,171,7818.04
26-MAR-22,60,2719.61
27-MAR-22,77,3611.47
28-MAR-22,102,5222.63
29-MAR-22,133,6207.85
30-MAR-22,126,5860.52
31-MAR-22,106,4665.02
01-APR-22,112,5503.45
02-APR-22,57,2869.02
03-APR-22,77,3465.36
04-APR-22,110,4785.98
05-APR-22,148,6721.29
06-APR-22,123,5041.83
07-APR-22,132,5888.98
08-APR-22,106,5421.51
09-APR-22,46,2269.34
10-APR-22,59,2901.51
11-APR-22,73,3332.14
12-APR-22,85,3786.55
13-APR-22,81,3876.35
14-APR-22,95,4747.32
15-APR-22,100,4570.9
16-APR-22,43,2228.28
17-APR-22,38,1731.67
18-APR-22,173,7345.84
19-APR-22,154,7056.71
20-APR-22,1343,55152.16
21-APR-22,610,26257.53
22-APR-22,295,12327.3
23-APR-22,100,4209.77
24-APR-22,122,5259.27
25-APR-22,183,8302.76
26-APR-22,153,7124.22
27-APR-22,151,6966.93
28-APR-22,134,5902.22
29-APR-22,88,3834.43
30-APR-22,79,3584.89
01-MAY-22,80,3603.58
02-MAY-22,108,4567.68
03-MAY-22,105,4970.16
04-MAY-22,96,4352.58
05-MAY-22,85,3826.09
06-MAY-22,76,3406.12
07-MAY-22,38,1837.92
08-MAY-22,47,2091.45
09-MAY-22,80,3584.06
10-MAY-22,65,3132.53
11-MAY-22,70,3328.6
12-MAY-22,67,2669.91
13-MAY-22,80,3659.42
14-MAY-22,41,1864.06
15-MAY-22,48,2296.31
16-MAY-22,66,2955.66
17-MAY-22,61,3023.23
18-MAY-22,1278,54820.45
19-MAY-22,2151,85409.09
20-MAY-22,721,30151.75
21-MAY-22,191,7957.27
22-MAY-22,233,9607.04
23-MAY-22,299,12957.35
24-MAY-22,203,8443.32
25-MAY-22,189,8814.57
26-MAY-22,184,8158.73
27-MAY-22,150,6675.79
28-MAY-22,73,3172.85
29-MAY-22,73,3721.32
30-MAY-22,91,4548.4
31-MAY-22,168,7681.34
01-JUN-22,585,24295.35
02-JUN-22,390,16707.44
03-JUN-22,145,6142.15
04-JUN-22,81,3455.05
05-JUN-22,91,4418.84
06-JUN-22,137,5916.54
07-JUN-22,80,3428.03
08-JUN-22,79,3244.96
09-JUN-22,77,3436.98
10-JUN-22,77,3431.51
11-JUN-22,47,2165.29
12-JUN-22,38,2187.94
13-JUN-22,57,2890.39
14-JUN-22,79,3698.88
15-JUN-22,343,14492.24
16-JUN-22,248,10388.25
17-JUN-22,80,3247.28
18-JUN-22,50,2343.49
19-JUN-22,49,1968.7
20-JUN-22,82,3943.65
21-JUN-22,62,3175.07
22-JUN-22,325,13515.75
23-JUN-22,229,10568.05
24-JUN-22,133,6405.4
25-JUN-22,65,3116.63
26-JUN-22,94,4501.97
27-JUN-22,134,6024.69
28-JUN-22,172,7941.36
29-JUN-22,981,44279.25
30-JUN-22,1145,55227.97
01-JUL-22,181,4964.72
02-JUL-22,28,572.27
03-JUL-22,23,420.34
04-JUL-22,20,449.41
05-JUL-22,47,1204.05
06-JUL-22,25,554.32
07-JUL-22,36,895.24
08-JUL-22,26,767.51
09-JUL-22,11,385.91
10-JUL-22,17,384.71
11-JUL-22,21,381.9
12-JUL-22,31,620.16
13-JUL-22,32,865.34
14-JUL-22,25,462.58
15-JUL-22,23,555
16-JUL-22,15,303.55
17-JUL-22,12,286.96
18-JUL-22,27,553.23
19-JUL-22,16,262.16
20-JUL-22,20,408.57
21-JUL-22,27,961.93
22-JUL-22,25,612.32
23-JUL-22,51,1765.18
24-JUL-22,21,743.52
25-JUL-22,29,768.65
26-JUL-22,25,564.5
27-JUL-22,33,942.92
28-JUL-22,32,1144.47
29-JUL-22,32,1121.08
30-JUL-22,106,3697.44
31-JUL-22,54,1986.82
01-AUG-22,53,1653.75
02-AUG-22,37,1185.71
03-AUG-22,128,5032.74
04-AUG-22,68,2142.42
05-AUG-22,75,2739.71
06-AUG-22,79,2600.95
07-AUG-22,56,1827.15
08-AUG-22,92,4086.4
09-AUG-22,154,5954.4
10-AUG-22,194,7381.35
11-AUG-22,295,12721.98
12-AUG-22,302,12731.09
13-AUG-22,135,5889.7
14-AUG-22,146,6115.63
15-AUG-22,241,9763.62
16-AUG-22,430,17969.58
17-AUG-22,387,16049
18-AUG-22,657,27954.18
19-AUG-22,561,24551.76
20-AUG-22,540,23305.16
21-AUG-22,509,21979.65
22-AUG-22,466,20440.7
23-AUG-22,607,25121.93
24-AUG-22,566,24523.97
25-AUG-22,1157,50886.1
26-AUG-22,1231,54066.66
27-AUG-22,712,31338.18
28-AUG-22,787,35945.18
29-AUG-22,1574,67756.86
30-AUG-22,1518,67400.71
31-AUG-22,2237,99048.7
01-SEP-22,1725,75826.44
02-SEP-22,1217,53620.69
03-SEP-22,891,40074.32
04-SEP-22,525,23246.49
05-SEP-22,776,34997.84
06-SEP-22,1228,54951.69
07-SEP-22,3349,147522.04
08-SEP-22,2897,130103.58
09-SEP-22,2670,122296.72
10-SEP-22,3360,153119.18
11-SEP-22,2369,108448.06
12-SEP-22,3233,152265.5
13-SEP-22,3844,177366.47
14-SEP-22,4952,228194.16
15-SEP-22,3966,183256.52
16-SEP-22,3103,148667.4
17-SEP-22,4201,196855.85
18-SEP-22,4070,191888.88
19-SEP-22,4390,207797.53
20-SEP-22,5242,241845.71
21-SEP-22,4754,216994.91
22-SEP-22,6685,309066.01
23-SEP-22,5439,251045.76
24-SEP-22,2848,133888.11
25-SEP-22,3545,166396.45
26-SEP-22,4686,221614.15
27-SEP-22,5265,246817.12
28-SEP-22,5567,265434.59
29-SEP-22,5502,256090.19
30-SEP-22,3971,188879.89
01-OCT-22,1858,89867.63
02-OCT-22,2532,124534.04
03-OCT-22,5210,246534.9
04-OCT-22,5563,264435.55
05-OCT-22,5640,263878.96
06-OCT-22,5687,265866.96
07-OCT-22,5305,248090.4
08-OCT-22,2807,131507.77
09-OCT-22,2579,122615.93
10-OCT-22,3478,164443.05
11-OCT-22,3446,160694.86
12-OCT-22,3556,168403.33
13-OCT-22,5534,260759.7
14-OCT-22,5145,240782.24
15-OCT-22,3462,161552.77
16-OCT-22,3009,144364.75
17-OCT-22,4538,214625.85
18-OCT-22,4597,214309.1
19-OCT-22,3633,171452.46
20-OCT-22,3876,178571.1
21-OCT-22,4258,195561.64
22-OCT-22,3309,153328.26
23-OCT-22,2899,139884.87
24-OCT-22,4025,190460.6
25-OCT-22,4781,224083.72
26-OCT-22,3948,181600.62
27-OCT-22,3923,183490.23
28-OCT-22,3939,181936.99
29-OCT-22,2236,104648.57
30-OCT-22,2251,108776.57
31-OCT-22,2461,116293.43
01-NOV-22,2955,139105.98
02-NOV-22,4340,199699.78
03-NOV-22,3638,169349.69
04-NOV-22,3699,170966.27
05-NOV-22,1893,90099.1
06-NOV-22,2033,96189.23
07-NOV-22,2674,124917.33
08-NOV-22,2762,130068.52
09-NOV-22,3196,147763.91
10-NOV-22,3271,152665.14
11-NOV-22,2393,111805.92
12-NOV-22,1740,80285.15
13-NOV-22,1710,81114.7
14-NOV-22,2761,129684.64
15-NOV-22,2700,123593.95
16-NOV-22,2766,125545.17
17-NOV-22,2402,110435.02
18-NOV-22,2188,104928.64
19-NOV-22,1411,65822.4
20-NOV-22,1117,53407.09
21-NOV-22,1527,72724.07
22-NOV-22,1784,80932.66
23-NOV-22,1309,59794.15
24-NOV-22,871,40364.23
25-NOV-22,1156,54515.8
26-NOV-22,852,40404.28
27-NOV-22,1078,52859.92
28-NOV-22,1622,75690.62
29-NOV-22,1673,80074.35
30-NOV-22,1577,73599.06
01-DEC-22,1361,61085.82
02-DEC-22,1299,60942.9
03-DEC-22,681,31969.46
04-DEC-22,797,37992.99
05-DEC-22,1147,54098.31
06-DEC-22,1212,55906.74
07-DEC-22,970,42993.59
08-DEC-22,1068,48728.74
09-DEC-22,1183,53934.33
10-DEC-22,724,33782.96
11-DEC-22,691,33508.15
12-DEC-22,962,45067.4
13-DEC-22,966,43166.29
14-DEC-22,949,42635.04
15-DEC-22,886,41008.25
16-DEC-22,907,40886.7
17-DEC-22,457,20206.81
18-DEC-22,399,18857.62
19-DEC-22,576,26358.13
20-DEC-22,569,24992.3
21-DEC-22,463,19616.15
22-DEC-22,406,18071.82
23-DEC-22,396,17539.42
24-DEC-22,198,9494.41
25-DEC-22,145,7266.31
26-DEC-22,299,13711.71
27-DEC-22,366,17010.05
28-DEC-22,309,14947.09
29-DEC-22,346,15086.74
30-DEC-22,418,19486.93
31-DEC-22,202,9505.55
01-JAN-23,245,11363.19
02-JAN-23,402,19150.91
03-JAN-23,524,24990.16
04-JAN-23,505,23220.7
05-JAN-23,517,24643.94
06-JAN-23,525,22907.79
07-JAN-23,229,10930.67
08-JAN-23,275,12630.36
09-JAN-23,512,23221.14
10-JAN-23,398,18802.98
11-JAN-23,357,16547.32
12-JAN-23,439,19117.93
13-JAN-23,433,19431.46
14-JAN-23,192,8738.94
15-JAN-23,185,8712.35
16-JAN-23,365,17136.69
17-JAN-23,402,18058.23
18-JAN-23,356,15640.5
19-JAN-23,378,16605.64
20-JAN-23,378,17566.09
21-JAN-23,209,10200.93
22-JAN-23,225,10516.6
23-JAN-23,338,16166.46
24-JAN-23,325,16685.02
25-JAN-23,322,14564.7
26-JAN-23,412,18537.41
27-JAN-23,468,21208.94
28-JAN-23,189,9381.38
29-JAN-23,222,10932.81
30-JAN-23,325,14287.45
31-JAN-23,330,15206.81
01-FEB-23,314,15277.91
02-FEB-23,321,14241.1
03-FEB-23,315,14071.76
04-FEB-23,158,7416.55
05-FEB-23,193,9047.19
06-FEB-23,236,11268.37
07-FEB-23,292,14061.32
08-FEB-23,301,14204.37
09-FEB-23,313,14995.49
10-FEB-23,284,12779.53
11-FEB-23,138,6156.84
12-FEB-23,131,6238.6
13-FEB-23,250,11157.18
14-FEB-23,223,10394.1
15-FEB-23,236,10466.51
16-FEB-23,322,14150.65
17-FEB-23,289,13022.07
18-FEB-23,141,7285.02
19-FEB-23,156,7602.44
20-FEB-23,238,10827.34
21-FEB-23,277,12460.22
22-FEB-23,300,14625.32
23-FEB-23,436,21752.1
24-FEB-23,463,22696.78
25-FEB-23,152,8024
26-FEB-23,199,10562.65
27-FEB-23,346,16248.89
28-FEB-23,348,17223.11
01-MAR-23,332,15740.89
02-MAR-23,281,13560.65
03-MAR-23,288,13513.42
04-MAR-23,146,7490.05
05-MAR-23,157,7770.38
06-MAR-23,266,13113.47
07-MAR-23,226,10842.66
08-MAR-23,221,10075.79
09-MAR-23,253,11624.9
10-MAR-23,238,11007.66
11-MAR-23,128,5882.36
12-MAR-23,158,7682.64
13-MAR-23,249,11548.01
14-MAR-23,225,10628.07
15-MAR-23,240,10328.3
16-MAR-23,218,10345.95
17-MAR-23,229,10503.64
18-MAR-23,118,5920.94
19-MAR-23,141,7547.98
20-MAR-23,1115,46682.66
21-MAR-23,830,36763.07
22-MAR-23,384,16880.17
23-MAR-23,419,19065.52
24-MAR-23,269,11845.81
25-MAR-23,136,6717.16
26-MAR-23,129,6167.69
27-MAR-23,214,9217.57
28-MAR-23,216,9514.44
29-MAR-23,215,9458.03
30-MAR-23,219,9570.18
31-MAR-23,189,8486.9
01-APR-23,90,3895.8
02-APR-23,114,4477.13
03-APR-23,165,7581.54
04-APR-23,153,6787.81
05-APR-23,184,8994.26
06-APR-23,174,7689.76
07-APR-23,143,6557.89
08-APR-23,84,3769.3
09-APR-23,70,3351.54
10-APR-23,157,7191.52
11-APR-23,186,8284.25
12-APR-23,167,8043.94
13-APR-23,198,8144.85
14-APR-23,157,7024.86
15-APR-23,79,3647.33
16-APR-23,124,5567.79
17-APR-23,185,8587.13
18-APR-23,197,8815.92
19-APR-23,159,7100.4
20-APR-23,199,8881.09
21-APR-23,125,5559.07
22-APR-23,90,4139.6
23-APR-23,89,4337.52
24-APR-23,190,9010.84
25-APR-23,198,8555.03
26-APR-23,192,8607.06
27-APR-23,120,5536.36
28-APR-23,129,6134.49
29-APR-23,80,3844.86
30-APR-23,106,4940.55
01-MAY-23,152,6674.66
02-MAY-23,286,12979.01
03-MAY-23,196,8892.68
04-MAY-23,159,7012.6
05-MAY-23,131,6273.16
06-MAY-23,61,2831.91
07-MAY-23,89,4114.95
08-MAY-23,136,6265.16
09-MAY-23,135,5833.28
10-MAY-23,106,5207.22
11-MAY-23,118,5490.21
12-MAY-23,122,6078.62
13-MAY-23,72,3133.07
14-MAY-23,100,4664.86
15-MAY-23,124,5582.86
16-MAY-23,147,7183.61
17-MAY-23,3716,151053.37
18-MAY-23,1552,63037.9
19-MAY-23,836,36667.17
20-MAY-23,347,14505.21
21-MAY-23,293,12589.22
22-MAY-23,444,19964.25
23-MAY-23,337,14110.21
24-MAY-23,323,14098.41
25-MAY-23,276,12319.66
26-MAY-23,230,10799.4
27-MAY-23,110,5211.62
28-MAY-23,93,4229
29-MAY-23,134,5625.24
30-MAY-23,245,11340
31-MAY-23,214,9286.33
01-JUN-23,1453,60255.5
02-JUN-23,607,25841.89
03-JUN-23,483,20151.97
04-JUN-23,396,16792.71
05-JUN-23,380,16412.36
06-JUN-23,307,13717.26
07-JUN-23,282,12126.11
08-JUN-23,1124,46543.19
09-JUN-23,575,24404.97
10-JUN-23,282,12947.92
11-JUN-23,48,3282.14
12-JUN-23,591,27168.58
13-JUN-23,465,21598.1
14-JUN-23,2211,96018.62
15-JUN-23,2503,116141.8
16-JUN-23,1142,50645.92
17-JUN-23,387,16880.96
18-JUN-23,130,5669.4
19-JUN-23,162,4938.67
20-JUN-23,80,2089.88
21-JUN-23,79,1736.82
22-JUN-23,75,1568.03
23-JUN-23,53,1408.4
24-JUN-23,35,580.45
25-JUN-23,29,511.89
26-JUN-23,57,1575.57
27-JUN-23,61,1502.27
28-JUN-23,38,851.99
29-JUN-23,50,1309.82
30-JUN-23,39,922.39
01-JUL-23,17,408.68
02-JUL-23,22,500.03
03-JUL-23,22,585.85
04-JUL-23,6,67.17
05-JUL-23,22,688.31
06-JUL-23,23,629.19
07-JUL-23,38,1270.55
08-JUL-23,17,345.07
09-JUL-23,18,488.58
10-JUL-23,27,518.84
11-JUL-23,30,1197.99
12-JUL-23,24,726
13-JUL-23,22,657.08
14-JUL-23,17,737.66
15-JUL-23,16,395.7
16-JUL-23,17,504.2
17-JUL-23,27,738.58
18-JUL-23,21,579.92
19-JUL-23,20,430.16
20-JUL-23,21,703.8
21-JUL-23,12,282.94
22-JUL-23,14,524.09
23-JUL-23,16,407.43
24-JUL-23,28,721.01
25-JUL-23,17,436.33
26-JUL-23,28,843.9
27-JUL-23,28,736.53
28-JUL-23,30,1221.71
29-JUL-23,59,2117.48
30-JUL-23,40,1558.4
31-JUL-23,33,1102.96
01-AUG-23,48,1842.01
02-AUG-23,41,1490.79
03-AUG-23,63,2285.78
04-AUG-23,91,3748.26
05-AUG-23,31,1057.26
06-AUG-23,32,1248.91
07-AUG-23,51,2178.61
08-AUG-23,143,6542.68
09-AUG-23,246,11282.52
10-AUG-23,262,12033.23
11-AUG-23,234,10716.42
12-AUG-23,198,10125.84
13-AUG-23,256,13424.61
14-AUG-23,404,19342.76
15-AUG-23,618,31617.16
16-AUG-23,726,36198.86
17-AUG-23,476,24435.7
18-AUG-23,570,28587.58
19-AUG-23,424,21044.8
20-AUG-23,626,31033.69
21-AUG-23,809,40579.47
22-AUG-23,965,48409.27
23-AUG-23,1158,60869.65
24-AUG-23,1381,71540.84
25-AUG-23,1068,54274.93
26-AUG-23,950,49132.31
27-AUG-23,876,44957.62
28-AUG-23,1217,64335.76
29-AUG-23,1790,92312.21
30-AUG-23,2363,125355.66
31-AUG-23,2852,149985.15
01-SEP-23,2144,110557.48
02-SEP-23,1107,57259.61
03-SEP-23,893,46959.55
04-SEP-23,1359,71347.07
05-SEP-23,2234,120099.32
06-SEP-23,3196,170672.44
07-SEP-23,3742,197143.3
08-SEP-23,3373,183383.59
09-SEP-23,1900,100916.52
10-SEP-23,2100,114267.76
11-SEP-23,3521,190991.23
12-SEP-23,3944,213383.74
13-SEP-23,4996,268951.47
14-SEP-23,5621,305216.65
15-SEP-23,5321,292454.91
16-SEP-23,3529,187054.22
17-SEP-23,3592,195809.61
18-SEP-23,4763,259408.34
19-SEP-23,4247,233848.65
20-SEP-23,8021,429980.59
21-SEP-23,6360,347853.59
22-SEP-23,5209,283184.76
23-SEP-23,3419,183412.49
24-SEP-23,3331,182058.65
25-SEP-23,4280,235135.06
26-SEP-23,6016,335935.36
27-SEP-23,7135,390565.34
28-SEP-23,6607,361598.34
29-SEP-23,5396,296870.52
30-SEP-23,2921,161270.53
01-OCT-23,3196,180355.24
02-OCT-23,4642,256864.91
03-OCT-23,5979,326123.25
04-OCT-23,6612,360543.34
05-OCT-23,6079,335636.98
06-OCT-23,4902,269350.74
07-OCT-23,3150,172674.82
08-OCT-23,3200,179057.22
09-OCT-23,4232,234872.09
10-OCT-23,4492,245029.38
11-OCT-23,4115,224286.3
12-OCT-23,4097,224257.74
13-OCT-23,4503,244188.42
14-OCT-23,3452,187614.25
15-OCT-23,3485,194660.1
16-OCT-23,5220,286081.72
17-OCT-23,4849,266183.72
18-OCT-23,4152,227665.4
19-OCT-23,4018,216508.57
20-OCT-23,4349,239073.8
21-OCT-23,2986,163402.4
22-OCT-23,3591,202028.79
23-OCT-23,4974,272590.67
24-OCT-23,5740,313905.13
25-OCT-23,4301,234366.22
26-OCT-23,3833,205933.91
27-OCT-23,3491,191308.37
28-OCT-23,2398,130103.39
29-OCT-23,2716,152047.37
30-OCT-23,3470,188800.95
31-OCT-23,3086,168478.81
1-Nov-23,3490,192438.21
2-Nov-23,3692,201577
3-Nov-23,2957,158039.32
4-Nov-23,2053,112010.96
5-Nov-23,2933,159810.03
6-Nov-23,3033,167044.48
7-Nov-23,3134,174358.11
8-Nov-23,2933,161632.87
9-Nov-23,2606,140088.95
10-Nov-23,2570,138037.08
11-Nov-23,1744,94890.3
12-Nov-23,2071,111605.8
13-Nov-23,2571,140065.92
14-Nov-23,2121,114638.3
15-Nov-23,2171,116247.76
16-Nov-23,2046,111176.4
17-Nov-23,1893,104050.91
18-Nov-23,1366,73577.92
19-Nov-23,1151,63427.86
20-Nov-23,1447,81737.63
21-Nov-23,1479,80799.65
22-Nov-23,1330,71670.15
23-Nov-23,949,52655.22
24-Nov-23,1220,68258.07
25-Nov-23,999,55577.54
26-Nov-23,1506,84702.18
27-Nov-23,2005,111547.07
28-Nov-23,1465,81018.93
29-Nov-23,1259,69549.53
30-Nov-23,1555,82981.85
1-Dec-23,1283,66754.05
2-Dec-23,736,39360.11
3-Dec-23,964,52810.91
4-Dec-23,1349,73621.31
5-Dec-23,1299,70487.93
6-Dec-23,1329,71350.21
7-Dec-23,1096,58569.3
8-Dec-23,937,50426.32
9-Dec-23,707,38678.01
10-Dec-23,841,46123.5
11-Dec-23,940,51590.25
12-Dec-23,891,48129.95
13-Dec-23,654,36476.97
14-Dec-23,674,38207.95
15-Dec-23,622,35682.12
16-Dec-23,397,22959.36
17-Dec-23,467,26241.24
18-Dec-23,572,32386.23
19-Dec-23,391,22326.35
20-Dec-23,341,19014.91
21-Dec-23,329,17305.37
22-Dec-23,317,17707.26
23-Dec-23,257,14428.83
24-Dec-23,169,9131.79
25-Dec-23,188,10390.52
26-Dec-23,288,17093.38
27-Dec-23,248,14154.74
28-Dec-23,341,18950.51
29-Dec-23,371,20934.52
30-Dec-23,277,15849.53
31-Dec-23,255,15013.82
01-JAN-24,308,18219.61
02-JAN-24,387,22217.61
03-JAN-24,358,20685.96
04-JAN-24,384,20888.6
05-JAN-24,389,22424.81
06-JAN-24,283,16037.37
07-JAN-24,298,17327.76
08-JAN-24,415,23196.58
09-JAN-24,328,17516.94
10-JAN-24,312,18114.9
11-JAN-24,340,17677.49
12-JAN-24,324,17569.81
13-JAN-24,251,13520.58
14-JAN-24,258,13953.08
15-JAN-24,357,20687.12
16-JAN-24,302,16995.01
17-JAN-24,240,12723.47
18-JAN-24,370,20505.67
19-JAN-24,317,17248.98
20-JAN-24,248,13178.84
21-JAN-24,317,16917.3
22-JAN-24,386,21320.14
23-JAN-24,337,18595.29
24-JAN-24,305,17234.2
25-JAN-24,413,22766.84
26-JAN-24,379,21246.71
27-JAN-24,230,12715.35
28-JAN-24,262,14969.8
29-JAN-24,326,17176.63
30-JAN-24,293,16277.56
31-JAN-24,264,15138.36
01-FEB-24,262,14842.21
02-FEB-24,262,15335.45
03-FEB-24,208,11406.29
04-FEB-24,263,15438.11
05-FEB-24,311,16785.04
06-FEB-24,271,14521.99
07-FEB-24,244,13324.08
08-FEB-24,271,14126.57
09-FEB-24,221,11931.24
10-FEB-24,158,8781.98
11-FEB-24,186,10752.51
12-FEB-24,271,14625.07
13-FEB-24,245,13146.32
14-FEB-24,189,10506.49
15-FEB-24,299,16372.05
16-FEB-24,269,14307
17-FEB-24,169,9453.28
18-FEB-24,198,11688.19
19-FEB-24,271,14651.72
20-FEB-24,248,13768.02
21-FEB-24,222,13531.33
22-FEB-24,475,28531.81
23-FEB-24,397,23538.71
24-FEB-24,270,14223.18
25-FEB-24,282,16397.6
26-FEB-24,387,22186.31
27-FEB-24,284,17365.66
28-FEB-24,289,16781.63
29-FEB-24,343,19860.08
01-MAR-24,322,17985.28
02-MAR-24,199,11044.45
03-MAR-24,190,10372.28
04-MAR-24,286,15945.74
05-MAR-24,249,13971.47
06-MAR-24,204,12430.12
07-MAR-24,254,13861.07
08-MAR-24,206,10792.16
09-MAR-24,149,8244.34
10-MAR-24,165,8854.07
11-MAR-24,256,13917.43
12-MAR-24,213,11804.74
13-MAR-24,265,14674.61
14-MAR-24,428,22986.21
15-MAR-24,355,19934.83
16-MAR-24,193,10500.08
17-MAR-24,244,13158.51
18-MAR-24,419,22749.66
19-MAR-24,382,20316.37
20-MAR-24,346,17768.95
21-MAR-24,309,17043.44
22-MAR-24,237,11789.97
23-MAR-24,126,7329.18
24-MAR-24,132,6994.22
25-MAR-24,212,11408.22
26-MAR-24,169,9815.45
27-MAR-24,159,8825.05
28-MAR-24,155,9432.04
29-MAR-24,119,6620.41
30-MAR-24,87,4493.48
31-MAR-24,89,5502.34
01-APR-24,156,9018.71
02-APR-24,145,7573.1
03-APR-24,156,8359.19
04-APR-24,141,7866.38
05-APR-24,150,8221.7
06-APR-24,84,4504.83
07-APR-24,98,5005.62
08-APR-24,151,8024.91
09-APR-24,153,7926.18
10-APR-24,162,9273.6
11-APR-24,156,8027
12-APR-24,164,8119.04
13-APR-24,80,4264.48
14-APR-24,99,5855.6
15-APR-24,186,10050.25
16-APR-24,175,9435.43
17-APR-24,137,6719.85
18-APR-24,158,8356.52
19-APR-24,156,8960.27
20-APR-24,102,5188.1
21-APR-24,114,6377.97
22-APR-24,143,7484.92
23-APR-24,158,8486.42
24-APR-24,142,7218.3
25-APR-24,129,6751.47
26-APR-24,126,7340.03
27-APR-24,67,4145.43
28-APR-24,117,6174.06
29-APR-24,170,9027.89
30-APR-24,145,7997.64
01-MAY-24,176,9199.53
02-MAY-24,2797,142525.16
03-MAY-24,1683,86831.78
04-MAY-24,361,18645.27
05-MAY-24,337,16787.32
06-MAY-24,423,21969.86
07-MAY-24,314,16437.44
08-MAY-24,258,13964.25
09-MAY-24,262,15034.87
10-MAY-24,218,11834.75
11-MAY-24,139,7212.05
12-MAY-24,99,5618.3
13-MAY-24,251,13839.29
14-MAY-24,225,11139.84
15-MAY-24,2384,118440.73
16-MAY-24,877,44734.23
17-MAY-24,421,21628.28
18-MAY-24,188,9956.52
19-MAY-24,203,10291.32
20-MAY-24,329,17018.59
21-MAY-24,267,14125.52
22-MAY-24,270,14439.35
23-MAY-24,215,11080.14
24-MAY-24,208,10453.71
25-MAY-24,118,5935.04
26-MAY-24,97,4916.67
27-MAY-24,162,8554.23
28-MAY-24,218,11021.11
29-MAY-24,1200,57520.13
30-MAY-24,631,31736.77
31-MAY-24,360,18808.5
01-JUN-24,158,7818.51
02-JUN-24,153,8299.43
03-JUN-24,201,9856.78
04-JUN-24,169,9194.19
05-JUN-24,126,6232.18
06-JUN-24,117,5753.71
07-JUN-24,113,5603.46
08-JUN-24,86,4225.52
09-JUN-24,91,4816.31
10-JUN-24,133,6348.83
11-JUN-24,129,6766.93
12-JUN-24,924,43583.73
13-JUN-24,465,22743.9
14-JUN-24,65,3533.47
15-JUN-24,115,5812.06
16-JUN-24,94,5047.94
17-JUN-24,137,7383.82
18-JUN-24,125,6639.65
19-JUN-24,108,5681.1
20-JUN-24,104,5522.28
21-JUN-24,425,19580.13
22-JUN-24,281,14409.69
23-JUN-24,124,5803.3
24-JUN-24,153,8062.23
25-JUN-24,471,22794.62
26-JUN-24,440,21932.28
27-JUN-24,178,10234.69
28-JUN-24,240,14065.78
29-JUN-24,879,45463.89
30-JUN-24,1692,96210.63
01-JUL-24,363,10235.01
02-JUL-24,99,2405.39
03-JUL-24,65,1732.63
04-JUL-24,39,859.43
05-JUL-24,51,1415.04
06-JUL-24,44,915.41
07-JUL-24,57,1317.11
08-JUL-24,60,1628.59
09-JUL-24,38,832.74
10-JUL-24,46,1270.03
11-JUL-24,34,773.16
12-JUL-24,34,1086.41
13-JUL-24,22,552.93
14-JUL-24,24,708.52
15-JUL-24,45,1146.82
16-JUL-24,33,802.98
17-JUL-24,29,541.13
18-JUL-24,43,1502.93
19-JUL-24,27,551.07
20-JUL-24,19,520.29
21-JUL-24,36,1040.84
22-JUL-24,46,986.58
23-JUL-24,32,688.03
24-JUL-24,32,734.6
25-JUL-24,38,1053.99
26-JUL-24,30,710.82
27-JUL-24,19,446.91
28-JUL-24,19,371.08
29-JUL-24,33,905.08
30-JUL-24,32,796.29
31-JUL-24,97,3253.85
01-AUG-24,88,3436.25
02-AUG-24,103,4146.68
03-AUG-24,106,4299.17
04-AUG-24,62,2383.8
05-AUG-24,98,3556.53
06-AUG-24,88,3595.27
07-AUG-24,86,3173.59
08-AUG-24,138,6095.8
09-AUG-24,141,6443.71
10-AUG-24,270,11642.43
11-AUG-24,178,8097.12
12-AUG-24,205,9005.75
13-AUG-24,346,16068.78
14-AUG-24,502,23132.47
15-AUG-24,497,24011.75
16-AUG-24,383,17695.37
17-AUG-24,379,18984.7
18-AUG-24,303,14898.21
19-AUG-24,384,18418.08
20-AUG-24,625,30583.59
21-AUG-24,673,33773.75
22-AUG-24,983,48067.28
23-AUG-24,958,47784.41
24-AUG-24,760,37268.73
25-AUG-24,739,35340.1
26-AUG-24,1391,67473.49
27-AUG-24,2033,102781.14
28-AUG-24,2317,115051.25
29-AUG-24,2318,115417.51
30-AUG-24,2527,123351.39
31-AUG-24,1885,93148.86
01-SEP-24,1094,54891.88
02-SEP-24,1530,76402.13
03-SEP-24,2922,146849.96
04-SEP-24,3312,169555.2
05-SEP-24,3226,167138.79
06-SEP-24,2983,152940.95
07-SEP-24,2274,113879.62
08-SEP-24,2018,103662.67
09-SEP-24,3130,159346.93
10-SEP-24,3021,157522.26
11-SEP-24,3940,206926.53
12-SEP-24,4496,231227.46
13-SEP-24,4914,251492.88
14-SEP-24,2841,148102.89
15-SEP-24,3349,172135.95
16-SEP-24,4285,219863.7
17-SEP-24,4482,231000.99
18-SEP-24,5224,267030.75
19-SEP-24,4964,256278.49
20-SEP-24,4483,227927.7
21-SEP-24,2942,149001.23
22-SEP-24,3787,196985.25
23-SEP-24,4785,248126.48
24-SEP-24,5034,261343.47
25-SEP-24,6065,317225.69
26-SEP-24,6294,325312.61
27-SEP-24,6006,311081.02
28-SEP-24,3855,198005.89
29-SEP-24,4072,215478.08
30-SEP-24,5676,293770.91
01-OCT-24,6591,341875.15
02-OCT-24,7231,379641.26
03-OCT-24,6699,347801.35
04-OCT-24,6540,342591.86
05-OCT-24,3927,207301.46
06-OCT-24,3848,205153.74
07-OCT-24,5877,308797.25
08-OCT-24,6455,335195.61
09-OCT-24,8117,416828.12
10-OCT-24,7173,370918.1
11-OCT-24,5738,298053.35
12-OCT-24,3317,172284.66
13-OCT-24,3308,174612.12
14-OCT-24,4301,223508.16
15-OCT-24,4697,245947.77
16-OCT-24,4744,244596.97
17-OCT-24,4346,224151.47
18-OCT-24,4069,206489.49
19-OCT-24,2614,137191.72
20-OCT-24,2556,135907.26
21-OCT-24,4223,214557.48
22-OCT-24,5632,293074.25
23-OCT-24,4703,241104.07
24-OCT-24,5219,267060.97
25-OCT-24,3893,202137.34
26-OCT-24,2720,138695.39
27-OCT-24,3054,156385.52
28-OCT-24,4192,216288.07
29-OCT-24,3892,198060.49
30-OCT-24,3649,190011.91
31-OCT-24,2640,134428.06
01-NOV-24,3280,168336.03
02-NOV-24,2341,120934.85
03-NOV-24,2854,151995.65
04-NOV-24,3161,166147.74
05-NOV-24,4214,214031.47
06-NOV-24,3188,162893.72
07-NOV-24,3889,198239.21
08-NOV-24,2677,139001.67
09-NOV-24,1597,84991.06
10-NOV-24,1730,91558.55
11-NOV-24,2281,118864.4
12-NOV-24,2849,145163.19
13-NOV-24,2440,124923.89
14-NOV-24,2116,107982.2
15-NOV-24,2114,109836.4
16-NOV-24,1407,75082.15
17-NOV-24,1494,78509.28
18-NOV-24,2506,126475.3
19-NOV-24,2289,115973.67
20-NOV-24,2129,108893.19
21-NOV-24,1811,91942.45
22-NOV-24,1474,74227.41
23-NOV-24,1025,53700.43
24-NOV-24,2307,117767.16
25-NOV-24,1838,94678.96
26-NOV-24,1269,65623.4
27-NOV-24,1323,65614.26
28-NOV-24,865,44970.1
29-NOV-24,1248,64440.2
30-NOV-24,1008,53831.08
01-DEC-24,1079,57414.9
02-DEC-24,1607,85573.31
03-DEC-24,1304,66624.49
04-DEC-24,1003,52268.05
05-DEC-24,920,48156.76
06-DEC-24,756,40487.55
07-DEC-24,504,25796.08
08-DEC-24,615,34496.05
09-DEC-24,779,41742.22
10-DEC-24,881,46452.7
11-DEC-24,709,37951.66
12-DEC-24,1595,84236.85
13-DEC-24,1031,55386.48
14-DEC-24,561,29524.05
15-DEC-24,542,29228.04
16-DEC-24,645,33416.4
17-DEC-24,755,38379.05
18-DEC-24,501,25937.78
19-DEC-24,506,25710.51
20-DEC-24,444,23462.44
21-DEC-24,305,15832.22
22-DEC-24,292,15832.16
23-DEC-24,287,14330.14
24-DEC-24,173,8543.21
25-DEC-24,131,7052.9
26-DEC-24,291,15303.29
27-DEC-24,308,16316.75
28-DEC-24,276,14157.65
29-DEC-24,290,15111.7
30-DEC-24,418,21079.63
31-DEC-24,293,15392.56
01-JAN-25,296,16034.08
02-JAN-25,461,24837.64
03-JAN-25,328,18434.86
04-JAN-25,269,15160.18
05-JAN-25,353,20190.48
06-JAN-25,417,22604.96
07-JAN-25,353,20662.69
08-JAN-25,274,15414.22
09-JAN-25,351,19839.84
10-JAN-25,330,19166.53
11-JAN-25,229,12793.75
12-JAN-25,232,13645.63
13-JAN-25,354,20620.41
14-JAN-25,338,18201.17
15-JAN-25,293,15936.83
16-JAN-25,289,16502.83
17-JAN-25,315,17528.38
18-JAN-25,222,12324.05
19-JAN-25,253,13874.97
20-JAN-25,269,15833.87
21-JAN-25,305,17151.7
22-JAN-25,258,14757.04
23-JAN-25,540,30460.14
24-JAN-25,401,22417.87
25-JAN-25,240,13162.92
26-JAN-25,267,14812.18
27-JAN-25,502,27993.65
28-JAN-25,309,17467.78
29-JAN-25,284,15840.67
30-JAN-25,330,18472.38
31-JAN-25,389,21425.03
01-FEB-25,201,11404.7
02-FEB-25,249,14284.28
03-FEB-25,307,17514.21
04-FEB-25,279,15696.64
05-FEB-25,237,13548.2
06-FEB-25,262,14860.34
07-FEB-25,279,15620.43
08-FEB-25,170,8874.15
09-FEB-25,159,8860.81
10-FEB-25,272,15110.58
11-FEB-25,237,13507.87
12-FEB-25,238,13943.23
13-FEB-25,266,13861.96
14-FEB-25,200,11715.42
15-FEB-25,185,10161.66
16-FEB-25,219,12067.08
17-FEB-25,186,10593.07
18-FEB-25,187,11241.37
19-FEB-25,218,13443.42
20-FEB-25,321,18956.81
21-FEB-25,345,19225.36
22-FEB-25,209,11583.47
23-FEB-25,266,15126.87
24-FEB-25,369,21475.72
25-FEB-25,336,19511.02
26-FEB-25,357,21615.47
27-FEB-25,413,23489.02
28-FEB-25,424,26050.33
01-MAR-25,231,12852.65
02-MAR-25,252,14152.52
03-MAR-25,346,19037.79
04-MAR-25,412,22923.34
05-MAR-25,278,15746.26
06-MAR-25,344,17969.64
07-MAR-25,314,17437.57
08-MAR-25,158,9345.76
09-MAR-25,184,11092.91
10-MAR-25,237,13208.81
11-MAR-25,250,14810.24
12-MAR-25,190,11175.96
13-MAR-25,218,12103.34
14-MAR-25,207,11904.05
15-MAR-25,169,9608.1
16-MAR-25,191,11458.35
17-MAR-25,212,11678.05
18-MAR-25,489,26131.29
19-MAR-25,302,17453.27
20-MAR-25,318,17245.84
21-MAR-25,269,15280.33
22-MAR-25,110,6459.17
23-MAR-25,150,7729.32
24-MAR-25,151,8821.12
25-MAR-25,193,10246.6
26-MAR-25,195,10871.7
27-MAR-25,198,11028.33
28-MAR-25,202,10718.88
29-MAR-25,127,7020.48
30-MAR-25,184,10179.4
31-MAR-25,196,11500.39
01-APR-25,184,10614.4
02-APR-25,205,11388.51
03-APR-25,190,11026.9
04-APR-25,202,10483.24
05-APR-25,103,5388.73
06-APR-25,153,8370.25
07-APR-25,176,9739.71
08-APR-25,208,11842.52
09-APR-25,173,8282.84
10-APR-25,159,8808.32
11-APR-25,205,11807.64
12-APR-25,77,3997.13
13-APR-25,113,6245.95
14-APR-25,190,11180.31
15-APR-25,153,9048.21
16-APR-25,152,9090.17
17-APR-25,144,8414.39
18-APR-25,142,7944.78
19-APR-25,100,4940.82
20-APR-25,108,6255.01
21-APR-25,166,9593.36
22-APR-25,252,12789.39
23-APR-25,189,10406.58
24-APR-25,214,11957.74
25-APR-25,190,10737.06
26-APR-25,108,5473.05
27-APR-25,135,7492.86
28-APR-25,186,10203.46
29-APR-25,188,10571.7
30-APR-25,145,7887.56
01-MAY-25,173,10053.49
02-MAY-25,175,9783.26
03-MAY-25,116,6578.61
04-MAY-25,176,9897.01
05-MAY-25,174,9453.92
06-MAY-25,1684,88697.86
07-MAY-25,686,36264.18
08-MAY-25,585,31756.86
09-MAY-25,349,19743.36
10-MAY-25,154,7859.59
11-MAY-25,153,8278.67
12-MAY-25,306,16293.37
13-MAY-25,258,13865.88
14-MAY-25,249,13770.52
15-MAY-25,230,12822.54
16-MAY-25,188,10293.55
17-MAY-25,120,6205.29
18-MAY-25,200,11034.57
19-MAY-25,240,13459.31
20-MAY-25,1170,60801.11
21-MAY-25,668,35847.53
22-MAY-25,508,26912.98
23-MAY-25,362,19833.59
24-MAY-25,171,8976.44
25-MAY-25,119,6512.43
26-MAY-25,189,10029.19
27-MAY-25,251,12830.16
28-MAY-25,221,12129.85
29-MAY-25,206,10946.61
30-MAY-25,219,11769.47
31-MAY-25,144,8248.94
01-JUN-25,164,9103.44
02-JUN-25,190,10126.67
03-JUN-25,481,24683.69
04-JUN-25,259,13639.27
05-JUN-25,340,17859.14
06-JUN-25,224,12118.25
07-JUN-25,86,4455.4
08-JUN-25,119,6524.54
09-JUN-25,125,6363.97
10-JUN-25,410,21155.13
11-JUN-25,269,14022.06
12-JUN-25,190,10426.25
13-JUN-25,147,7215.94
14-JUN-25,73,4294.93
15-JUN-25,59,3107.67
16-JUN-25,122,6426.23
17-JUN-25,237,12284.31
18-JUN-25,148,8337.12
19-JUN-25,152,7759.19
20-JUN-25,115,6170.67
21-JUN-25,67,3376.49
22-JUN-25,50,2684.66
23-JUN-25,349,18097.85
24-JUN-25,184,9164.64
25-JUN-25,301,16386.41
26-JUN-25,360,18684.08
27-JUN-25,384,21249.31
28-JUN-25,401,20823.86
29-JUN-25,926,51256.45
30-JUN-25,1668,93683.3
01-JUL-25,206,6904.73
02-JUL-25,55,1244.75
03-JUL-25,52,1323.89
04-JUL-25,35,1108.61
05-JUL-25,49,1521.36
06-JUL-25,42,1480.02
07-JUL-25,75,2042.18
08-JUL-25,78,2301.53
09-JUL-25,82,2517.08
10-JUL-25,65,2326.26
11-JUL-25,32,660.19
12-JUL-25,40,1358.99
13-JUL-25,47,1353.38
14-JUL-25,60,2055.57
15-JUL-25,34,889.99
16-JUL-25,60,1806.35
17-JUL-25,52,1528.58
18-JUL-25,49,1391.94
19-JUL-25,41,1111.76
20-JUL-25,36,1130.03
21-JUL-25,57,2039.81
22-JUL-25,40,1487.43
23-JUL-25,69,2650.59
24-JUL-25,40,1135.42
25-JUL-25,37,1003.6
26-JUL-25,24,1096.34
27-JUL-25,40,1642.52
28-JUL-25,83,3359.2
29-JUL-25,74,2958.05
30-JUL-25,55,2089.81
31-JUL-25,84,3654.34
01-AUG-25,80,3793.56
02-AUG-25,64,2898.11
03-AUG-25,40,1718.13
04-AUG-25,74,3445.32
05-AUG-25,166,8334.01
06-AUG-25,196,9790.88
07-AUG-25,264,13062.62
08-AUG-25,250,12825.31
09-AUG-25,236,11877.37
10-AUG-25,208,10067.67
11-AUG-25,271,14320.14
12-AUG-25,364,20239.12
13-AUG-25,387,21327.16
14-AUG-25,458,25582.64
15-AUG-25,600,33955.21
16-AUG-25,390,21719.23
17-AUG-25,368,20813.73
18-AUG-25,574,32477.64
19-AUG-25,858,51218.5
20-AUG-25,929,53938.43
21-AUG-25,953,54526.6
22-AUG-25,1030,59090.93
23-AUG-25,757,43599.68
24-AUG-25,766,44302.04
25-AUG-25,1165,68359.03
26-AUG-25,1385,79538.89
27-AUG-25,1478,90121.39
28-AUG-25,1719,105876.41
29-AUG-25,1487,88471.79
30-AUG-25,1029,63766.32
31-AUG-25,857,51295.69
01-SEP-25,1165,70052.14
02-SEP-25,2226,134848.9
03-SEP-25,1100,69353.39